wd,ws,freq_val
0.0000000000,0.0000000000,0.0000228154
0.0000000000,1.0000000000,0.0002224504
0.0000000000,2.0000000000,0.0003650468
0.0000000000,3.0000000000,0.0004848277
0.0000000000,4.0000000000,0.0008726899
0.0000000000,5.0000000000,0.0008669861
0.0000000000,6.0000000000,0.0009753593
0.0000000000,7.0000000000,0.0009810632
0.0000000000,8.0000000000,0.0009354324
0.0000000000,9.0000000000,0.0009753593
0.0000000000,10.0000000000,0.0007300935
0.0000000000,11.0000000000,0.0005817933
0.0000000000,12.0000000000,0.0005190509
0.0000000000,13.0000000000,0.0003935661
0.0000000000,14.0000000000,0.0003080082
0.0000000000,15.0000000000,0.0002509697
0.0000000000,16.0000000000,0.0001882272
0.0000000000,17.0000000000,0.0000741501
0.0000000000,18.0000000000,0.0000171116
0.0000000000,19.0000000000,0.0000228154
0.0000000000,20.0000000000,0.0000000000
0.0000000000,21.0000000000,0.0000057039
0.0000000000,22.0000000000,0.0000000000
0.0000000000,23.0000000000,0.0000000000
0.0000000000,24.0000000000,0.0000000000
0.0000000000,25.0000000000,0.0000000000
5.0000000000,0.0000000000,0.0000171116
5.0000000000,1.0000000000,0.0001996350
5.0000000000,2.0000000000,0.0004449008
5.0000000000,3.0000000000,0.0006445357
5.0000000000,4.0000000000,0.0007186858
5.0000000000,5.0000000000,0.0007871321
5.0000000000,6.0000000000,0.0008783938
5.0000000000,7.0000000000,0.0011407712
5.0000000000,8.0000000000,0.0011008442
5.0000000000,9.0000000000,0.0010209902
5.0000000000,10.0000000000,0.0007072781
5.0000000000,11.0000000000,0.0006331280
5.0000000000,12.0000000000,0.0004848277
5.0000000000,13.0000000000,0.0003593429
5.0000000000,14.0000000000,0.0003194159
5.0000000000,15.0000000000,0.0002053388
5.0000000000,16.0000000000,0.0001026694
5.0000000000,17.0000000000,0.0000627424
5.0000000000,18.0000000000,0.0000228154
5.0000000000,19.0000000000,0.0000000000
5.0000000000,20.0000000000,0.0000057039
5.0000000000,21.0000000000,0.0000000000
5.0000000000,22.0000000000,0.0000000000
5.0000000000,23.0000000000,0.0000000000
5.0000000000,24.0000000000,0.0000000000
5.0000000000,25.0000000000,0.0000000000
10.0000000000,0.0000000000,0.0000285193
10.0000000000,1.0000000000,0.0002167465
10.0000000000,2.0000000000,0.0003479352
10.0000000000,3.0000000000,0.0005361624
10.0000000000,4.0000000000,0.0006559434
10.0000000000,5.0000000000,0.0007985398
10.0000000000,6.0000000000,0.0008898015
10.0000000000,7.0000000000,0.0009867671
10.0000000000,8.0000000000,0.0011008442
10.0000000000,9.0000000000,0.0009753593
10.0000000000,10.0000000000,0.0007814282
10.0000000000,11.0000000000,0.0006217203
10.0000000000,12.0000000000,0.0005076432
10.0000000000,13.0000000000,0.0003707506
10.0000000000,14.0000000000,0.0002395619
10.0000000000,15.0000000000,0.0001197810
10.0000000000,16.0000000000,0.0000969655
10.0000000000,17.0000000000,0.0000228154
10.0000000000,18.0000000000,0.0000171116
10.0000000000,19.0000000000,0.0000000000
10.0000000000,20.0000000000,0.0000171116
10.0000000000,21.0000000000,0.0000000000
10.0000000000,22.0000000000,0.0000000000
10.0000000000,23.0000000000,0.0000000000
10.0000000000,24.0000000000,0.0000000000
10.0000000000,25.0000000000,0.0000000000
15.0000000000,0.0000000000,0.0000342231
15.0000000000,1.0000000000,0.0001996350
15.0000000000,2.0000000000,0.0004391969
15.0000000000,3.0000000000,0.0004391969
15.0000000000,4.0000000000,0.0006958704
15.0000000000,5.0000000000,0.0008384668
15.0000000000,6.0000000000,0.0009468401
15.0000000000,7.0000000000,0.0010209902
15.0000000000,8.0000000000,0.0010209902
15.0000000000,9.0000000000,0.0008898015
15.0000000000,10.0000000000,0.0007186858
15.0000000000,11.0000000000,0.0006274241
15.0000000000,12.0000000000,0.0004677162
15.0000000000,13.0000000000,0.0002966005
15.0000000000,14.0000000000,0.0001483003
15.0000000000,15.0000000000,0.0000684463
15.0000000000,16.0000000000,0.0000285193
15.0000000000,17.0000000000,0.0000342231
15.0000000000,18.0000000000,0.0000171116
15.0000000000,19.0000000000,0.0000399270
15.0000000000,20.0000000000,0.0000057039
15.0000000000,21.0000000000,0.0000114077
15.0000000000,22.0000000000,0.0000000000
15.0000000000,23.0000000000,0.0000000000
15.0000000000,24.0000000000,0.0000000000
15.0000000000,25.0000000000,0.0000000000
20.0000000000,0.0000000000,0.0000399270
20.0000000000,1.0000000000,0.0001597080
20.0000000000,2.0000000000,0.0003536391
20.0000000000,3.0000000000,0.0004848277
20.0000000000,4.0000000000,0.0006787588
20.0000000000,5.0000000000,0.0007415013
20.0000000000,6.0000000000,0.0011008442
20.0000000000,7.0000000000,0.0010209902
20.0000000000,8.0000000000,0.0011065480
20.0000000000,9.0000000000,0.0010837326
20.0000000000,10.0000000000,0.0007529090
20.0000000000,11.0000000000,0.0005532740
20.0000000000,12.0000000000,0.0004449008
20.0000000000,13.0000000000,0.0003308236
20.0000000000,14.0000000000,0.0001996350
20.0000000000,15.0000000000,0.0001254848
20.0000000000,16.0000000000,0.0000969655
20.0000000000,17.0000000000,0.0000513347
20.0000000000,18.0000000000,0.0000171116
20.0000000000,19.0000000000,0.0000000000
20.0000000000,20.0000000000,0.0000000000
20.0000000000,21.0000000000,0.0000000000
20.0000000000,22.0000000000,0.0000000000
20.0000000000,23.0000000000,0.0000000000
20.0000000000,24.0000000000,0.0000000000
20.0000000000,25.0000000000,0.0000000000
25.0000000000,0.0000000000,0.0000627424
25.0000000000,1.0000000000,0.0002053388
25.0000000000,2.0000000000,0.0003422313
25.0000000000,3.0000000000,0.0005304586
25.0000000000,4.0000000000,0.0007243897
25.0000000000,5.0000000000,0.0008384668
25.0000000000,6.0000000000,0.0008099475
25.0000000000,7.0000000000,0.0009981748
25.0000000000,8.0000000000,0.0011350673
25.0000000000,9.0000000000,0.0009810632
25.0000000000,10.0000000000,0.0008099475
25.0000000000,11.0000000000,0.0006559434
25.0000000000,12.0000000000,0.0004049738
25.0000000000,13.0000000000,0.0002966005
25.0000000000,14.0000000000,0.0002053388
25.0000000000,15.0000000000,0.0001197810
25.0000000000,16.0000000000,0.0000969655
25.0000000000,17.0000000000,0.0000513347
25.0000000000,18.0000000000,0.0000171116
25.0000000000,19.0000000000,0.0000114077
25.0000000000,20.0000000000,0.0000000000
25.0000000000,21.0000000000,0.0000000000
25.0000000000,22.0000000000,0.0000000000
25.0000000000,23.0000000000,0.0000000000
25.0000000000,24.0000000000,0.0000000000
25.0000000000,25.0000000000,0.0000000000
30.0000000000,0.0000000000,0.0000399270
30.0000000000,1.0000000000,0.0001825234
30.0000000000,2.0000000000,0.0003821583
30.0000000000,3.0000000000,0.0004734200
30.0000000000,4.0000000000,0.0005076432
30.0000000000,5.0000000000,0.0007757244
30.0000000000,6.0000000000,0.0009183208
30.0000000000,7.0000000000,0.0010381018
30.0000000000,8.0000000000,0.0009981748
30.0000000000,9.0000000000,0.0010495095
30.0000000000,10.0000000000,0.0008612822
30.0000000000,11.0000000000,0.0007015743
30.0000000000,12.0000000000,0.0005418663
30.0000000000,13.0000000000,0.0003479352
30.0000000000,14.0000000000,0.0002281542
30.0000000000,15.0000000000,0.0001140771
30.0000000000,16.0000000000,0.0000855578
30.0000000000,17.0000000000,0.0000285193
30.0000000000,18.0000000000,0.0000171116
30.0000000000,19.0000000000,0.0000000000
30.0000000000,20.0000000000,0.0000000000
30.0000000000,21.0000000000,0.0000000000
30.0000000000,22.0000000000,0.0000000000
30.0000000000,23.0000000000,0.0000000000
30.0000000000,24.0000000000,0.0000000000
30.0000000000,25.0000000000,0.0000000000
35.0000000000,0.0000000000,0.0000342231
35.0000000000,1.0000000000,0.0001711157
35.0000000000,2.0000000000,0.0003365275
35.0000000000,3.0000000000,0.0005418663
35.0000000000,4.0000000000,0.0005418663
35.0000000000,5.0000000000,0.0006844627
35.0000000000,6.0000000000,0.0009183208
35.0000000000,7.0000000000,0.0009639516
35.0000000000,8.0000000000,0.0009639516
35.0000000000,9.0000000000,0.0009297285
35.0000000000,10.0000000000,0.0008384668
35.0000000000,11.0000000000,0.0007415013
35.0000000000,12.0000000000,0.0006103126
35.0000000000,13.0000000000,0.0004391969
35.0000000000,14.0000000000,0.0002794889
35.0000000000,15.0000000000,0.0002281542
35.0000000000,16.0000000000,0.0000741501
35.0000000000,17.0000000000,0.0000399270
35.0000000000,18.0000000000,0.0000114077
35.0000000000,19.0000000000,0.0000000000
35.0000000000,20.0000000000,0.0000000000
35.0000000000,21.0000000000,0.0000000000
35.0000000000,22.0000000000,0.0000000000
35.0000000000,23.0000000000,0.0000000000
35.0000000000,24.0000000000,0.0000000000
35.0000000000,25.0000000000,0.0000000000
40.0000000000,0.0000000000,0.0000285193
40.0000000000,1.0000000000,0.0001825234
40.0000000000,2.0000000000,0.0003479352
40.0000000000,3.0000000000,0.0004791239
40.0000000000,4.0000000000,0.0003992699
40.0000000000,5.0000000000,0.0007472051
40.0000000000,6.0000000000,0.0008669861
40.0000000000,7.0000000000,0.0010381018
40.0000000000,8.0000000000,0.0010381018
40.0000000000,9.0000000000,0.0011407712
40.0000000000,10.0000000000,0.0009297285
40.0000000000,11.0000000000,0.0008955054
40.0000000000,12.0000000000,0.0008384668
40.0000000000,13.0000000000,0.0006103126
40.0000000000,14.0000000000,0.0003992699
40.0000000000,15.0000000000,0.0002623774
40.0000000000,16.0000000000,0.0001197810
40.0000000000,17.0000000000,0.0000456308
40.0000000000,18.0000000000,0.0000570386
40.0000000000,19.0000000000,0.0000171116
40.0000000000,20.0000000000,0.0000057039
40.0000000000,21.0000000000,0.0000000000
40.0000000000,22.0000000000,0.0000000000
40.0000000000,23.0000000000,0.0000000000
40.0000000000,24.0000000000,0.0000000000
40.0000000000,25.0000000000,0.0000000000
45.0000000000,0.0000000000,0.0000228154
45.0000000000,1.0000000000,0.0001368925
45.0000000000,2.0000000000,0.0003080082
45.0000000000,3.0000000000,0.0004391969
45.0000000000,4.0000000000,0.0006616473
45.0000000000,5.0000000000,0.0007700205
45.0000000000,6.0000000000,0.0008726899
45.0000000000,7.0000000000,0.0010095825
45.0000000000,8.0000000000,0.0011122519
45.0000000000,9.0000000000,0.0013175907
45.0000000000,10.0000000000,0.0010552133
45.0000000000,11.0000000000,0.0010038786
45.0000000000,12.0000000000,0.0008498745
45.0000000000,13.0000000000,0.0006844627
45.0000000000,14.0000000000,0.0004563085
45.0000000000,15.0000000000,0.0002794889
45.0000000000,16.0000000000,0.0001026694
45.0000000000,17.0000000000,0.0000399270
45.0000000000,18.0000000000,0.0000513347
45.0000000000,19.0000000000,0.0000171116
45.0000000000,20.0000000000,0.0000114077
45.0000000000,21.0000000000,0.0000000000
45.0000000000,22.0000000000,0.0000057039
45.0000000000,23.0000000000,0.0000000000
45.0000000000,24.0000000000,0.0000000000
45.0000000000,25.0000000000,0.0000000000
50.0000000000,0.0000000000,0.0000342231
50.0000000000,1.0000000000,0.0002452658
50.0000000000,2.0000000000,0.0004449008
50.0000000000,3.0000000000,0.0004677162
50.0000000000,4.0000000000,0.0006388319
50.0000000000,5.0000000000,0.0008612822
50.0000000000,6.0000000000,0.0008612822
50.0000000000,7.0000000000,0.0009525439
50.0000000000,8.0000000000,0.0009297285
50.0000000000,9.0000000000,0.0010951403
50.0000000000,10.0000000000,0.0011350673
50.0000000000,11.0000000000,0.0009981748
50.0000000000,12.0000000000,0.0008783938
50.0000000000,13.0000000000,0.0007186858
50.0000000000,14.0000000000,0.0004905316
50.0000000000,15.0000000000,0.0003536391
50.0000000000,16.0000000000,0.0001597080
50.0000000000,17.0000000000,0.0000513347
50.0000000000,18.0000000000,0.0000342231
50.0000000000,19.0000000000,0.0000285193
50.0000000000,20.0000000000,0.0000000000
50.0000000000,21.0000000000,0.0000000000
50.0000000000,22.0000000000,0.0000000000
50.0000000000,23.0000000000,0.0000000000
50.0000000000,24.0000000000,0.0000000000
50.0000000000,25.0000000000,0.0000000000
55.0000000000,0.0000000000,0.0000513347
55.0000000000,1.0000000000,0.0001996350
55.0000000000,2.0000000000,0.0003194159
55.0000000000,3.0000000000,0.0004848277
55.0000000000,4.0000000000,0.0006160164
55.0000000000,5.0000000000,0.0007928360
55.0000000000,6.0000000000,0.0008042437
55.0000000000,7.0000000000,0.0010152863
55.0000000000,8.0000000000,0.0009354324
55.0000000000,9.0000000000,0.0009411362
55.0000000000,10.0000000000,0.0009468401
55.0000000000,11.0000000000,0.0009012092
55.0000000000,12.0000000000,0.0007072781
55.0000000000,13.0000000000,0.0005989049
55.0000000000,14.0000000000,0.0004620123
55.0000000000,15.0000000000,0.0004563085
55.0000000000,16.0000000000,0.0002794889
55.0000000000,17.0000000000,0.0000912617
55.0000000000,18.0000000000,0.0000741501
55.0000000000,19.0000000000,0.0000285193
55.0000000000,20.0000000000,0.0000171116
55.0000000000,21.0000000000,0.0000114077
55.0000000000,22.0000000000,0.0000000000
55.0000000000,23.0000000000,0.0000000000
55.0000000000,24.0000000000,0.0000000000
55.0000000000,25.0000000000,0.0000000000
60.0000000000,0.0000000000,0.0000342231
60.0000000000,1.0000000000,0.0002509697
60.0000000000,2.0000000000,0.0003878622
60.0000000000,3.0000000000,0.0005361624
60.0000000000,4.0000000000,0.0006103126
60.0000000000,5.0000000000,0.0008213552
60.0000000000,6.0000000000,0.0008612822
60.0000000000,7.0000000000,0.0008441707
60.0000000000,8.0000000000,0.0010894365
60.0000000000,9.0000000000,0.0009981748
60.0000000000,10.0000000000,0.0011635866
60.0000000000,11.0000000000,0.0010209902
60.0000000000,12.0000000000,0.0009126169
60.0000000000,13.0000000000,0.0008156514
60.0000000000,14.0000000000,0.0004905316
60.0000000000,15.0000000000,0.0004563085
60.0000000000,16.0000000000,0.0002737851
60.0000000000,17.0000000000,0.0001368925
60.0000000000,18.0000000000,0.0000570386
60.0000000000,19.0000000000,0.0000228154
60.0000000000,20.0000000000,0.0000000000
60.0000000000,21.0000000000,0.0000000000
60.0000000000,22.0000000000,0.0000000000
60.0000000000,23.0000000000,0.0000000000
60.0000000000,24.0000000000,0.0000000000
60.0000000000,25.0000000000,0.0000000000
65.0000000000,0.0000000000,0.0000228154
65.0000000000,1.0000000000,0.0001996350
65.0000000000,2.0000000000,0.0002966005
65.0000000000,3.0000000000,0.0004848277
65.0000000000,4.0000000000,0.0007072781
65.0000000000,5.0000000000,0.0007700205
65.0000000000,6.0000000000,0.0009924709
65.0000000000,7.0000000000,0.0010266940
65.0000000000,8.0000000000,0.0010951403
65.0000000000,9.0000000000,0.0011122519
65.0000000000,10.0000000000,0.0010723249
65.0000000000,11.0000000000,0.0010438056
65.0000000000,12.0000000000,0.0008099475
65.0000000000,13.0000000000,0.0007871321
65.0000000000,14.0000000000,0.0004848277
65.0000000000,15.0000000000,0.0004449008
65.0000000000,16.0000000000,0.0001825234
65.0000000000,17.0000000000,0.0001540041
65.0000000000,18.0000000000,0.0000228154
65.0000000000,19.0000000000,0.0000000000
65.0000000000,20.0000000000,0.0000000000
65.0000000000,21.0000000000,0.0000000000
65.0000000000,22.0000000000,0.0000000000
65.0000000000,23.0000000000,0.0000000000
65.0000000000,24.0000000000,0.0000000000
65.0000000000,25.0000000000,0.0000000000
70.0000000000,0.0000000000,0.0000342231
70.0000000000,1.0000000000,0.0001254848
70.0000000000,2.0000000000,0.0002966005
70.0000000000,3.0000000000,0.0005703856
70.0000000000,4.0000000000,0.0005817933
70.0000000000,5.0000000000,0.0008156514
70.0000000000,6.0000000000,0.0009012092
70.0000000000,7.0000000000,0.0012263290
70.0000000000,8.0000000000,0.0010894365
70.0000000000,9.0000000000,0.0012092174
70.0000000000,10.0000000000,0.0010038786
70.0000000000,11.0000000000,0.0012548483
70.0000000000,12.0000000000,0.0009639516
70.0000000000,13.0000000000,0.0005874971
70.0000000000,14.0000000000,0.0004677162
70.0000000000,15.0000000000,0.0003878622
70.0000000000,16.0000000000,0.0001939311
70.0000000000,17.0000000000,0.0001254848
70.0000000000,18.0000000000,0.0000285193
70.0000000000,19.0000000000,0.0000057039
70.0000000000,20.0000000000,0.0000000000
70.0000000000,21.0000000000,0.0000114077
70.0000000000,22.0000000000,0.0000000000
70.0000000000,23.0000000000,0.0000000000
70.0000000000,24.0000000000,0.0000000000
70.0000000000,25.0000000000,0.0000000000
75.0000000000,0.0000000000,0.0000456308
75.0000000000,1.0000000000,0.0002167465
75.0000000000,2.0000000000,0.0003308236
75.0000000000,3.0000000000,0.0004677162
75.0000000000,4.0000000000,0.0006901666
75.0000000000,5.0000000000,0.0006616473
75.0000000000,6.0000000000,0.0009240246
75.0000000000,7.0000000000,0.0010438056
75.0000000000,8.0000000000,0.0011293634
75.0000000000,9.0000000000,0.0012719598
75.0000000000,10.0000000000,0.0012491444
75.0000000000,11.0000000000,0.0010095825
75.0000000000,12.0000000000,0.0008783938
75.0000000000,13.0000000000,0.0006160164
75.0000000000,14.0000000000,0.0004620123
75.0000000000,15.0000000000,0.0003080082
75.0000000000,16.0000000000,0.0001368925
75.0000000000,17.0000000000,0.0001197810
75.0000000000,18.0000000000,0.0000513347
75.0000000000,19.0000000000,0.0000285193
75.0000000000,20.0000000000,0.0000114077
75.0000000000,21.0000000000,0.0000114077
75.0000000000,22.0000000000,0.0000000000
75.0000000000,23.0000000000,0.0000000000
75.0000000000,24.0000000000,0.0000000000
75.0000000000,25.0000000000,0.0000000000
80.0000000000,0.0000000000,0.0000570386
80.0000000000,1.0000000000,0.0001711157
80.0000000000,2.0000000000,0.0003251198
80.0000000000,3.0000000000,0.0003935661
80.0000000000,4.0000000000,0.0005989049
80.0000000000,5.0000000000,0.0008042437
80.0000000000,6.0000000000,0.0009924709
80.0000000000,7.0000000000,0.0012263290
80.0000000000,8.0000000000,0.0011806982
80.0000000000,9.0000000000,0.0012662560
80.0000000000,10.0000000000,0.0010894365
80.0000000000,11.0000000000,0.0011122519
80.0000000000,12.0000000000,0.0008498745
80.0000000000,13.0000000000,0.0006445357
80.0000000000,14.0000000000,0.0005190509
80.0000000000,15.0000000000,0.0003251198
80.0000000000,16.0000000000,0.0001768195
80.0000000000,17.0000000000,0.0001083733
80.0000000000,18.0000000000,0.0000855578
80.0000000000,19.0000000000,0.0000285193
80.0000000000,20.0000000000,0.0000114077
80.0000000000,21.0000000000,0.0000114077
80.0000000000,22.0000000000,0.0000000000
80.0000000000,23.0000000000,0.0000000000
80.0000000000,24.0000000000,0.0000000000
80.0000000000,25.0000000000,0.0000000000
85.0000000000,0.0000000000,0.0000399270
85.0000000000,1.0000000000,0.0002053388
85.0000000000,2.0000000000,0.0002794889
85.0000000000,3.0000000000,0.0005247547
85.0000000000,4.0000000000,0.0005989049
85.0000000000,5.0000000000,0.0007472051
85.0000000000,6.0000000000,0.0010495095
85.0000000000,7.0000000000,0.0012149213
85.0000000000,8.0000000000,0.0012491444
85.0000000000,9.0000000000,0.0013632215
85.0000000000,10.0000000000,0.0012605521
85.0000000000,11.0000000000,0.0010495095
85.0000000000,12.0000000000,0.0007928360
85.0000000000,13.0000000000,0.0006160164
85.0000000000,14.0000000000,0.0004905316
85.0000000000,15.0000000000,0.0003251198
85.0000000000,16.0000000000,0.0002053388
85.0000000000,17.0000000000,0.0001540041
85.0000000000,18.0000000000,0.0000684463
85.0000000000,19.0000000000,0.0000570386
85.0000000000,20.0000000000,0.0000171116
85.0000000000,21.0000000000,0.0000114077
85.0000000000,22.0000000000,0.0000000000
85.0000000000,23.0000000000,0.0000000000
85.0000000000,24.0000000000,0.0000000000
85.0000000000,25.0000000000,0.0000000000
90.0000000000,0.0000000000,0.0000399270
90.0000000000,1.0000000000,0.0001311887
90.0000000000,2.0000000000,0.0002680812
90.0000000000,3.0000000000,0.0004563085
90.0000000000,4.0000000000,0.0005304586
90.0000000000,5.0000000000,0.0008498745
90.0000000000,6.0000000000,0.0008955054
90.0000000000,7.0000000000,0.0010438056
90.0000000000,8.0000000000,0.0011635866
90.0000000000,9.0000000000,0.0011236596
90.0000000000,10.0000000000,0.0010495095
90.0000000000,11.0000000000,0.0008555784
90.0000000000,12.0000000000,0.0007243897
90.0000000000,13.0000000000,0.0006046087
90.0000000000,14.0000000000,0.0003878622
90.0000000000,15.0000000000,0.0002167465
90.0000000000,16.0000000000,0.0002110427
90.0000000000,17.0000000000,0.0001996350
90.0000000000,18.0000000000,0.0000741501
90.0000000000,19.0000000000,0.0000741501
90.0000000000,20.0000000000,0.0000513347
90.0000000000,21.0000000000,0.0000114077
90.0000000000,22.0000000000,0.0000000000
90.0000000000,23.0000000000,0.0000000000
90.0000000000,24.0000000000,0.0000000000
90.0000000000,25.0000000000,0.0000000000
95.0000000000,0.0000000000,0.0000342231
95.0000000000,1.0000000000,0.0002680812
95.0000000000,2.0000000000,0.0003593429
95.0000000000,3.0000000000,0.0005076432
95.0000000000,4.0000000000,0.0005475702
95.0000000000,5.0000000000,0.0005932010
95.0000000000,6.0000000000,0.0009297285
95.0000000000,7.0000000000,0.0009468401
95.0000000000,8.0000000000,0.0010495095
95.0000000000,9.0000000000,0.0010266940
95.0000000000,10.0000000000,0.0009240246
95.0000000000,11.0000000000,0.0009354324
95.0000000000,12.0000000000,0.0008042437
95.0000000000,13.0000000000,0.0006844627
95.0000000000,14.0000000000,0.0005247547
95.0000000000,15.0000000000,0.0004391969
95.0000000000,16.0000000000,0.0002966005
95.0000000000,17.0000000000,0.0001311887
95.0000000000,18.0000000000,0.0000741501
95.0000000000,19.0000000000,0.0000627424
95.0000000000,20.0000000000,0.0000342231
95.0000000000,21.0000000000,0.0000000000
95.0000000000,22.0000000000,0.0000114077
95.0000000000,23.0000000000,0.0000000000
95.0000000000,24.0000000000,0.0000000000
95.0000000000,25.0000000000,0.0000000000
100.0000000000,0.0000000000,0.0000342231
100.0000000000,1.0000000000,0.0001711157
100.0000000000,2.0000000000,0.0003764545
100.0000000000,3.0000000000,0.0004620123
100.0000000000,4.0000000000,0.0005932010
100.0000000000,5.0000000000,0.0007871321
100.0000000000,6.0000000000,0.0008099475
100.0000000000,7.0000000000,0.0009069131
100.0000000000,8.0000000000,0.0008555784
100.0000000000,9.0000000000,0.0009411362
100.0000000000,10.0000000000,0.0008612822
100.0000000000,11.0000000000,0.0008555784
100.0000000000,12.0000000000,0.0007757244
100.0000000000,13.0000000000,0.0007357974
100.0000000000,14.0000000000,0.0004734200
100.0000000000,15.0000000000,0.0004049738
100.0000000000,16.0000000000,0.0002053388
100.0000000000,17.0000000000,0.0000741501
100.0000000000,18.0000000000,0.0000513347
100.0000000000,19.0000000000,0.0000114077
100.0000000000,20.0000000000,0.0000057039
100.0000000000,21.0000000000,0.0000000000
100.0000000000,22.0000000000,0.0000000000
100.0000000000,23.0000000000,0.0000000000
100.0000000000,24.0000000000,0.0000000000
100.0000000000,25.0000000000,0.0000000000
105.0000000000,0.0000000000,0.0000114077
105.0000000000,1.0000000000,0.0002509697
105.0000000000,2.0000000000,0.0003536391
105.0000000000,3.0000000000,0.0004848277
105.0000000000,4.0000000000,0.0006616473
105.0000000000,5.0000000000,0.0006616473
105.0000000000,6.0000000000,0.0007928360
105.0000000000,7.0000000000,0.0007985398
105.0000000000,8.0000000000,0.0008042437
105.0000000000,9.0000000000,0.0009069131
105.0000000000,10.0000000000,0.0007757244
105.0000000000,11.0000000000,0.0007072781
105.0000000000,12.0000000000,0.0006331280
105.0000000000,13.0000000000,0.0003935661
105.0000000000,14.0000000000,0.0004049738
105.0000000000,15.0000000000,0.0002338581
105.0000000000,16.0000000000,0.0001996350
105.0000000000,17.0000000000,0.0000741501
105.0000000000,18.0000000000,0.0000228154
105.0000000000,19.0000000000,0.0000000000
105.0000000000,20.0000000000,0.0000000000
105.0000000000,21.0000000000,0.0000000000
105.0000000000,22.0000000000,0.0000057039
105.0000000000,23.0000000000,0.0000000000
105.0000000000,24.0000000000,0.0000000000
105.0000000000,25.0000000000,0.0000000000
110.0000000000,0.0000000000,0.0000342231
110.0000000000,1.0000000000,0.0002110427
110.0000000000,2.0000000000,0.0003479352
110.0000000000,3.0000000000,0.0004391969
110.0000000000,4.0000000000,0.0005475702
110.0000000000,5.0000000000,0.0007072781
110.0000000000,6.0000000000,0.0007015743
110.0000000000,7.0000000000,0.0006901666
110.0000000000,8.0000000000,0.0007928360
110.0000000000,9.0000000000,0.0008726899
110.0000000000,10.0000000000,0.0006958704
110.0000000000,11.0000000000,0.0005703856
110.0000000000,12.0000000000,0.0005019393
110.0000000000,13.0000000000,0.0002966005
110.0000000000,14.0000000000,0.0002908966
110.0000000000,15.0000000000,0.0001654118
110.0000000000,16.0000000000,0.0001483003
110.0000000000,17.0000000000,0.0000399270
110.0000000000,18.0000000000,0.0000456308
110.0000000000,19.0000000000,0.0000057039
110.0000000000,20.0000000000,0.0000057039
110.0000000000,21.0000000000,0.0000000000
110.0000000000,22.0000000000,0.0000000000
110.0000000000,23.0000000000,0.0000000000
110.0000000000,24.0000000000,0.0000000000
110.0000000000,25.0000000000,0.0000000000
115.0000000000,0.0000000000,0.0000285193
115.0000000000,1.0000000000,0.0001425964
115.0000000000,2.0000000000,0.0003422313
115.0000000000,3.0000000000,0.0004506046
115.0000000000,4.0000000000,0.0004905316
115.0000000000,5.0000000000,0.0005361624
115.0000000000,6.0000000000,0.0006502396
115.0000000000,7.0000000000,0.0007928360
115.0000000000,8.0000000000,0.0007643167
115.0000000000,9.0000000000,0.0007757244
115.0000000000,10.0000000000,0.0006445357
115.0000000000,11.0000000000,0.0006673511
115.0000000000,12.0000000000,0.0005646817
115.0000000000,13.0000000000,0.0004106776
115.0000000000,14.0000000000,0.0003479352
115.0000000000,15.0000000000,0.0002509697
115.0000000000,16.0000000000,0.0001825234
115.0000000000,17.0000000000,0.0000513347
115.0000000000,18.0000000000,0.0000228154
115.0000000000,19.0000000000,0.0000171116
115.0000000000,20.0000000000,0.0000000000
115.0000000000,21.0000000000,0.0000000000
115.0000000000,22.0000000000,0.0000000000
115.0000000000,23.0000000000,0.0000000000
115.0000000000,24.0000000000,0.0000000000
115.0000000000,25.0000000000,0.0000000000
120.0000000000,0.0000000000,0.0000171116
120.0000000000,1.0000000000,0.0001311887
120.0000000000,2.0000000000,0.0003422313
120.0000000000,3.0000000000,0.0004049738
120.0000000000,4.0000000000,0.0005589779
120.0000000000,5.0000000000,0.0006046087
120.0000000000,6.0000000000,0.0008099475
120.0000000000,7.0000000000,0.0008783938
120.0000000000,8.0000000000,0.0007985398
120.0000000000,9.0000000000,0.0008955054
120.0000000000,10.0000000000,0.0007700205
120.0000000000,11.0000000000,0.0006388319
120.0000000000,12.0000000000,0.0005475702
120.0000000000,13.0000000000,0.0003593429
120.0000000000,14.0000000000,0.0002851928
120.0000000000,15.0000000000,0.0002908966
120.0000000000,16.0000000000,0.0001939311
120.0000000000,17.0000000000,0.0000741501
120.0000000000,18.0000000000,0.0000399270
120.0000000000,19.0000000000,0.0000057039
120.0000000000,20.0000000000,0.0000057039
120.0000000000,21.0000000000,0.0000000000
120.0000000000,22.0000000000,0.0000000000
120.0000000000,23.0000000000,0.0000000000
120.0000000000,24.0000000000,0.0000000000
120.0000000000,25.0000000000,0.0000000000
125.0000000000,0.0000000000,0.0000399270
125.0000000000,1.0000000000,0.0001483003
125.0000000000,2.0000000000,0.0003023044
125.0000000000,3.0000000000,0.0004563085
125.0000000000,4.0000000000,0.0007129820
125.0000000000,5.0000000000,0.0006673511
125.0000000000,6.0000000000,0.0007586128
125.0000000000,7.0000000000,0.0006901666
125.0000000000,8.0000000000,0.0007757244
125.0000000000,9.0000000000,0.0007529090
125.0000000000,10.0000000000,0.0008213552
125.0000000000,11.0000000000,0.0007015743
125.0000000000,12.0000000000,0.0004734200
125.0000000000,13.0000000000,0.0004106776
125.0000000000,14.0000000000,0.0002680812
125.0000000000,15.0000000000,0.0002110427
125.0000000000,16.0000000000,0.0001026694
125.0000000000,17.0000000000,0.0000627424
125.0000000000,18.0000000000,0.0000342231
125.0000000000,19.0000000000,0.0000228154
125.0000000000,20.0000000000,0.0000057039
125.0000000000,21.0000000000,0.0000057039
125.0000000000,22.0000000000,0.0000000000
125.0000000000,23.0000000000,0.0000000000
125.0000000000,24.0000000000,0.0000000000
125.0000000000,25.0000000000,0.0000000000
130.0000000000,0.0000000000,0.0000285193
130.0000000000,1.0000000000,0.0001768195
130.0000000000,2.0000000000,0.0002509697
130.0000000000,3.0000000000,0.0005361624
130.0000000000,4.0000000000,0.0006388319
130.0000000000,5.0000000000,0.0005589779
130.0000000000,6.0000000000,0.0007814282
130.0000000000,7.0000000000,0.0007529090
130.0000000000,8.0000000000,0.0008726899
130.0000000000,9.0000000000,0.0007357974
130.0000000000,10.0000000000,0.0006274241
130.0000000000,11.0000000000,0.0006502396
130.0000000000,12.0000000000,0.0005019393
130.0000000000,13.0000000000,0.0004277892
130.0000000000,14.0000000000,0.0002966005
130.0000000000,15.0000000000,0.0002224504
130.0000000000,16.0000000000,0.0001483003
130.0000000000,17.0000000000,0.0000570386
130.0000000000,18.0000000000,0.0000114077
130.0000000000,19.0000000000,0.0000114077
130.0000000000,20.0000000000,0.0000114077
130.0000000000,21.0000000000,0.0000000000
130.0000000000,22.0000000000,0.0000000000
130.0000000000,23.0000000000,0.0000000000
130.0000000000,24.0000000000,0.0000000000
130.0000000000,25.0000000000,0.0000000000
135.0000000000,0.0000000000,0.0000684463
135.0000000000,1.0000000000,0.0001768195
135.0000000000,2.0000000000,0.0002908966
135.0000000000,3.0000000000,0.0005019393
135.0000000000,4.0000000000,0.0005760894
135.0000000000,5.0000000000,0.0005874971
135.0000000000,6.0000000000,0.0006673511
135.0000000000,7.0000000000,0.0007814282
135.0000000000,8.0000000000,0.0008042437
135.0000000000,9.0000000000,0.0007357974
135.0000000000,10.0000000000,0.0005989049
135.0000000000,11.0000000000,0.0005589779
135.0000000000,12.0000000000,0.0003479352
135.0000000000,13.0000000000,0.0004049738
135.0000000000,14.0000000000,0.0002623774
135.0000000000,15.0000000000,0.0001425964
135.0000000000,16.0000000000,0.0001368925
135.0000000000,17.0000000000,0.0000513347
135.0000000000,18.0000000000,0.0000285193
135.0000000000,19.0000000000,0.0000114077
135.0000000000,20.0000000000,0.0000000000
135.0000000000,21.0000000000,0.0000000000
135.0000000000,22.0000000000,0.0000000000
135.0000000000,23.0000000000,0.0000000000
135.0000000000,24.0000000000,0.0000000000
135.0000000000,25.0000000000,0.0000000000
140.0000000000,0.0000000000,0.0000342231
140.0000000000,1.0000000000,0.0001425964
140.0000000000,2.0000000000,0.0003137121
140.0000000000,3.0000000000,0.0005589779
140.0000000000,4.0000000000,0.0005760894
140.0000000000,5.0000000000,0.0006331280
140.0000000000,6.0000000000,0.0007129820
140.0000000000,7.0000000000,0.0006388319
140.0000000000,8.0000000000,0.0006616473
140.0000000000,9.0000000000,0.0006559434
140.0000000000,10.0000000000,0.0005932010
140.0000000000,11.0000000000,0.0005361624
140.0000000000,12.0000000000,0.0004848277
140.0000000000,13.0000000000,0.0003593429
140.0000000000,14.0000000000,0.0002623774
140.0000000000,15.0000000000,0.0001083733
140.0000000000,16.0000000000,0.0000855578
140.0000000000,17.0000000000,0.0000513347
140.0000000000,18.0000000000,0.0000342231
140.0000000000,19.0000000000,0.0000114077
140.0000000000,20.0000000000,0.0000114077
140.0000000000,21.0000000000,0.0000000000
140.0000000000,22.0000000000,0.0000000000
140.0000000000,23.0000000000,0.0000000000
140.0000000000,24.0000000000,0.0000000000
140.0000000000,25.0000000000,0.0000000000
145.0000000000,0.0000000000,0.0000342231
145.0000000000,1.0000000000,0.0002224504
145.0000000000,2.0000000000,0.0002566735
145.0000000000,3.0000000000,0.0005190509
145.0000000000,4.0000000000,0.0005589779
145.0000000000,5.0000000000,0.0006046087
145.0000000000,6.0000000000,0.0007586128
145.0000000000,7.0000000000,0.0006274241
145.0000000000,8.0000000000,0.0006901666
145.0000000000,9.0000000000,0.0006217203
145.0000000000,10.0000000000,0.0005932010
145.0000000000,11.0000000000,0.0005475702
145.0000000000,12.0000000000,0.0004848277
145.0000000000,13.0000000000,0.0004049738
145.0000000000,14.0000000000,0.0002281542
145.0000000000,15.0000000000,0.0001026694
145.0000000000,16.0000000000,0.0000912617
145.0000000000,17.0000000000,0.0000570386
145.0000000000,18.0000000000,0.0000285193
145.0000000000,19.0000000000,0.0000228154
145.0000000000,20.0000000000,0.0000114077
145.0000000000,21.0000000000,0.0000057039
145.0000000000,22.0000000000,0.0000000000
145.0000000000,23.0000000000,0.0000000000
145.0000000000,24.0000000000,0.0000000000
145.0000000000,25.0000000000,0.0000000000
150.0000000000,0.0000000000,0.0000285193
150.0000000000,1.0000000000,0.0001768195
150.0000000000,2.0000000000,0.0003536391
150.0000000000,3.0000000000,0.0005989049
150.0000000000,4.0000000000,0.0005361624
150.0000000000,5.0000000000,0.0006160164
150.0000000000,6.0000000000,0.0006844627
150.0000000000,7.0000000000,0.0006730550
150.0000000000,8.0000000000,0.0006388319
150.0000000000,9.0000000000,0.0006787588
150.0000000000,10.0000000000,0.0007072781
150.0000000000,11.0000000000,0.0006844627
150.0000000000,12.0000000000,0.0004734200
150.0000000000,13.0000000000,0.0003080082
150.0000000000,14.0000000000,0.0002623774
150.0000000000,15.0000000000,0.0001540041
150.0000000000,16.0000000000,0.0001654118
150.0000000000,17.0000000000,0.0000798540
150.0000000000,18.0000000000,0.0000513347
150.0000000000,19.0000000000,0.0000171116
150.0000000000,20.0000000000,0.0000228154
150.0000000000,21.0000000000,0.0000057039
150.0000000000,22.0000000000,0.0000057039
150.0000000000,23.0000000000,0.0000000000
150.0000000000,24.0000000000,0.0000000000
150.0000000000,25.0000000000,0.0000000000
155.0000000000,0.0000000000,0.0000342231
155.0000000000,1.0000000000,0.0001996350
155.0000000000,2.0000000000,0.0002966005
155.0000000000,3.0000000000,0.0005133470
155.0000000000,4.0000000000,0.0005646817
155.0000000000,5.0000000000,0.0007186858
155.0000000000,6.0000000000,0.0006445357
155.0000000000,7.0000000000,0.0007357974
155.0000000000,8.0000000000,0.0005932010
155.0000000000,9.0000000000,0.0007928360
155.0000000000,10.0000000000,0.0007243897
155.0000000000,11.0000000000,0.0005760894
155.0000000000,12.0000000000,0.0004506046
155.0000000000,13.0000000000,0.0003650468
155.0000000000,14.0000000000,0.0003251198
155.0000000000,15.0000000000,0.0002680812
155.0000000000,16.0000000000,0.0001140771
155.0000000000,17.0000000000,0.0000855578
155.0000000000,18.0000000000,0.0000513347
155.0000000000,19.0000000000,0.0000171116
155.0000000000,20.0000000000,0.0000342231
155.0000000000,21.0000000000,0.0000114077
155.0000000000,22.0000000000,0.0000114077
155.0000000000,23.0000000000,0.0000000000
155.0000000000,24.0000000000,0.0000057039
155.0000000000,25.0000000000,0.0000000000
160.0000000000,0.0000000000,0.0000399270
160.0000000000,1.0000000000,0.0001197810
160.0000000000,2.0000000000,0.0003650468
160.0000000000,3.0000000000,0.0003935661
160.0000000000,4.0000000000,0.0005475702
160.0000000000,5.0000000000,0.0007415013
160.0000000000,6.0000000000,0.0006217203
160.0000000000,7.0000000000,0.0007015743
160.0000000000,8.0000000000,0.0007529090
160.0000000000,9.0000000000,0.0007357974
160.0000000000,10.0000000000,0.0007186858
160.0000000000,11.0000000000,0.0006787588
160.0000000000,12.0000000000,0.0005646817
160.0000000000,13.0000000000,0.0004905316
160.0000000000,14.0000000000,0.0003764545
160.0000000000,15.0000000000,0.0003080082
160.0000000000,16.0000000000,0.0001825234
160.0000000000,17.0000000000,0.0001311887
160.0000000000,18.0000000000,0.0000969655
160.0000000000,19.0000000000,0.0000684463
160.0000000000,20.0000000000,0.0000171116
160.0000000000,21.0000000000,0.0000171116
160.0000000000,22.0000000000,0.0000000000
160.0000000000,23.0000000000,0.0000000000
160.0000000000,24.0000000000,0.0000057039
160.0000000000,25.0000000000,0.0000000000
165.0000000000,0.0000000000,0.0000399270
165.0000000000,1.0000000000,0.0001825234
165.0000000000,2.0000000000,0.0003878622
165.0000000000,3.0000000000,0.0005361624
165.0000000000,4.0000000000,0.0005190509
165.0000000000,5.0000000000,0.0006103126
165.0000000000,6.0000000000,0.0007243897
165.0000000000,7.0000000000,0.0006331280
165.0000000000,8.0000000000,0.0007586128
165.0000000000,9.0000000000,0.0007472051
165.0000000000,10.0000000000,0.0007300935
165.0000000000,11.0000000000,0.0007871321
165.0000000000,12.0000000000,0.0006502396
165.0000000000,13.0000000000,0.0005703856
165.0000000000,14.0000000000,0.0004962355
165.0000000000,15.0000000000,0.0003194159
165.0000000000,16.0000000000,0.0003080082
165.0000000000,17.0000000000,0.0002053388
165.0000000000,18.0000000000,0.0001425964
165.0000000000,19.0000000000,0.0001197810
165.0000000000,20.0000000000,0.0000513347
165.0000000000,21.0000000000,0.0000342231
165.0000000000,22.0000000000,0.0000057039
165.0000000000,23.0000000000,0.0000000000
165.0000000000,24.0000000000,0.0000000000
165.0000000000,25.0000000000,0.0000000000
170.0000000000,0.0000000000,0.0000513347
170.0000000000,1.0000000000,0.0001311887
170.0000000000,2.0000000000,0.0002680812
170.0000000000,3.0000000000,0.0004734200
170.0000000000,4.0000000000,0.0006160164
170.0000000000,5.0000000000,0.0005989049
170.0000000000,6.0000000000,0.0007586128
170.0000000000,7.0000000000,0.0009012092
170.0000000000,8.0000000000,0.0008384668
170.0000000000,9.0000000000,0.0009411362
170.0000000000,10.0000000000,0.0008555784
170.0000000000,11.0000000000,0.0009126169
170.0000000000,12.0000000000,0.0007871321
170.0000000000,13.0000000000,0.0006559434
170.0000000000,14.0000000000,0.0005989049
170.0000000000,15.0000000000,0.0004962355
170.0000000000,16.0000000000,0.0004391969
170.0000000000,17.0000000000,0.0003536391
170.0000000000,18.0000000000,0.0002053388
170.0000000000,19.0000000000,0.0001425964
170.0000000000,20.0000000000,0.0001026694
170.0000000000,21.0000000000,0.0000570386
170.0000000000,22.0000000000,0.0000171116
170.0000000000,23.0000000000,0.0000057039
170.0000000000,24.0000000000,0.0000057039
170.0000000000,25.0000000000,0.0000057039
175.0000000000,0.0000000000,0.0000285193
175.0000000000,1.0000000000,0.0001711157
175.0000000000,2.0000000000,0.0003023044
175.0000000000,3.0000000000,0.0004220853
175.0000000000,4.0000000000,0.0005475702
175.0000000000,5.0000000000,0.0005532740
175.0000000000,6.0000000000,0.0007814282
175.0000000000,7.0000000000,0.0008783938
175.0000000000,8.0000000000,0.0008840977
175.0000000000,9.0000000000,0.0008840977
175.0000000000,10.0000000000,0.0010495095
175.0000000000,11.0000000000,0.0008840977
175.0000000000,12.0000000000,0.0007472051
175.0000000000,13.0000000000,0.0006046087
175.0000000000,14.0000000000,0.0007072781
175.0000000000,15.0000000000,0.0005475702
175.0000000000,16.0000000000,0.0003878622
175.0000000000,17.0000000000,0.0003650468
175.0000000000,18.0000000000,0.0003194159
175.0000000000,19.0000000000,0.0002053388
175.0000000000,20.0000000000,0.0000912617
175.0000000000,21.0000000000,0.0000912617
175.0000000000,22.0000000000,0.0000228154
175.0000000000,23.0000000000,0.0000114077
175.0000000000,24.0000000000,0.0000057039
175.0000000000,25.0000000000,0.0000171116
180.0000000000,0.0000000000,0.0000285193
180.0000000000,1.0000000000,0.0001597080
180.0000000000,2.0000000000,0.0002737851
180.0000000000,3.0000000000,0.0005247547
180.0000000000,4.0000000000,0.0005532740
180.0000000000,5.0000000000,0.0008612822
180.0000000000,6.0000000000,0.0007129820
180.0000000000,7.0000000000,0.0008156514
180.0000000000,8.0000000000,0.0009354324
180.0000000000,9.0000000000,0.0009411362
180.0000000000,10.0000000000,0.0008898015
180.0000000000,11.0000000000,0.0008213552
180.0000000000,12.0000000000,0.0009696555
180.0000000000,13.0000000000,0.0007700205
180.0000000000,14.0000000000,0.0006787588
180.0000000000,15.0000000000,0.0006160164
180.0000000000,16.0000000000,0.0004620123
180.0000000000,17.0000000000,0.0004220853
180.0000000000,18.0000000000,0.0001654118
180.0000000000,19.0000000000,0.0001939311
180.0000000000,20.0000000000,0.0001768195
180.0000000000,21.0000000000,0.0001311887
180.0000000000,22.0000000000,0.0000456308
180.0000000000,23.0000000000,0.0000171116
180.0000000000,24.0000000000,0.0000114077
180.0000000000,25.0000000000,0.0000228154
185.0000000000,0.0000000000,0.0000228154
185.0000000000,1.0000000000,0.0001540041
185.0000000000,2.0000000000,0.0002737851
185.0000000000,3.0000000000,0.0004449008
185.0000000000,4.0000000000,0.0004449008
185.0000000000,5.0000000000,0.0009126169
185.0000000000,6.0000000000,0.0008213552
185.0000000000,7.0000000000,0.0011008442
185.0000000000,8.0000000000,0.0010666210
185.0000000000,9.0000000000,0.0010951403
185.0000000000,10.0000000000,0.0009696555
185.0000000000,11.0000000000,0.0009411362
185.0000000000,12.0000000000,0.0009582478
185.0000000000,13.0000000000,0.0008156514
185.0000000000,14.0000000000,0.0007814282
185.0000000000,15.0000000000,0.0007814282
185.0000000000,16.0000000000,0.0006445357
185.0000000000,17.0000000000,0.0004677162
185.0000000000,18.0000000000,0.0003707506
185.0000000000,19.0000000000,0.0003650468
185.0000000000,20.0000000000,0.0002566735
185.0000000000,21.0000000000,0.0001825234
185.0000000000,22.0000000000,0.0000741501
185.0000000000,23.0000000000,0.0000342231
185.0000000000,24.0000000000,0.0000171116
185.0000000000,25.0000000000,0.0000171116
190.0000000000,0.0000000000,0.0000456308
190.0000000000,1.0000000000,0.0001425964
190.0000000000,2.0000000000,0.0003080082
190.0000000000,3.0000000000,0.0003764545
190.0000000000,4.0000000000,0.0004962355
190.0000000000,5.0000000000,0.0005932010
190.0000000000,6.0000000000,0.0009240246
190.0000000000,7.0000000000,0.0010323979
190.0000000000,8.0000000000,0.0010837326
190.0000000000,9.0000000000,0.0010438056
190.0000000000,10.0000000000,0.0011293634
190.0000000000,11.0000000000,0.0010552133
190.0000000000,12.0000000000,0.0009126169
190.0000000000,13.0000000000,0.0009981748
190.0000000000,14.0000000000,0.0009297285
190.0000000000,15.0000000000,0.0007472051
190.0000000000,16.0000000000,0.0007015743
190.0000000000,17.0000000000,0.0007072781
190.0000000000,18.0000000000,0.0005817933
190.0000000000,19.0000000000,0.0004791239
190.0000000000,20.0000000000,0.0002509697
190.0000000000,21.0000000000,0.0001711157
190.0000000000,22.0000000000,0.0001083733
190.0000000000,23.0000000000,0.0000456308
190.0000000000,24.0000000000,0.0000285193
190.0000000000,25.0000000000,0.0000171116
195.0000000000,0.0000000000,0.0000342231
195.0000000000,1.0000000000,0.0001825234
195.0000000000,2.0000000000,0.0003023044
195.0000000000,3.0000000000,0.0004563085
195.0000000000,4.0000000000,0.0005989049
195.0000000000,5.0000000000,0.0006787588
195.0000000000,6.0000000000,0.0008840977
195.0000000000,7.0000000000,0.0008898015
195.0000000000,8.0000000000,0.0010837326
195.0000000000,9.0000000000,0.0010038786
195.0000000000,10.0000000000,0.0011407712
195.0000000000,11.0000000000,0.0012548483
195.0000000000,12.0000000000,0.0010323979
195.0000000000,13.0000000000,0.0009696555
195.0000000000,14.0000000000,0.0009468401
195.0000000000,15.0000000000,0.0008099475
195.0000000000,16.0000000000,0.0008498745
195.0000000000,17.0000000000,0.0006274241
195.0000000000,18.0000000000,0.0004506046
195.0000000000,19.0000000000,0.0004791239
195.0000000000,20.0000000000,0.0002851928
195.0000000000,21.0000000000,0.0002110427
195.0000000000,22.0000000000,0.0001197810
195.0000000000,23.0000000000,0.0000513347
195.0000000000,24.0000000000,0.0000627424
195.0000000000,25.0000000000,0.0000342231
200.0000000000,0.0000000000,0.0000285193
200.0000000000,1.0000000000,0.0001368925
200.0000000000,2.0000000000,0.0003764545
200.0000000000,3.0000000000,0.0005247547
200.0000000000,4.0000000000,0.0006958704
200.0000000000,5.0000000000,0.0007015743
200.0000000000,6.0000000000,0.0008726899
200.0000000000,7.0000000000,0.0011635866
200.0000000000,8.0000000000,0.0011464750
200.0000000000,9.0000000000,0.0012263290
200.0000000000,10.0000000000,0.0011521789
200.0000000000,11.0000000000,0.0012320329
200.0000000000,12.0000000000,0.0012263290
200.0000000000,13.0000000000,0.0011407712
200.0000000000,14.0000000000,0.0012377367
200.0000000000,15.0000000000,0.0010894365
200.0000000000,16.0000000000,0.0010152863
200.0000000000,17.0000000000,0.0008669861
200.0000000000,18.0000000000,0.0007814282
200.0000000000,19.0000000000,0.0006103126
200.0000000000,20.0000000000,0.0004277892
200.0000000000,21.0000000000,0.0003365275
200.0000000000,22.0000000000,0.0002452658
200.0000000000,23.0000000000,0.0001425964
200.0000000000,24.0000000000,0.0000342231
200.0000000000,25.0000000000,0.0000285193
205.0000000000,0.0000000000,0.0000114077
205.0000000000,1.0000000000,0.0001540041
205.0000000000,2.0000000000,0.0003878622
205.0000000000,3.0000000000,0.0005361624
205.0000000000,4.0000000000,0.0006673511
205.0000000000,5.0000000000,0.0008270591
205.0000000000,6.0000000000,0.0009525439
205.0000000000,7.0000000000,0.0011578827
205.0000000000,8.0000000000,0.0013746292
205.0000000000,9.0000000000,0.0015457449
205.0000000000,10.0000000000,0.0013632215
205.0000000000,11.0000000000,0.0014658909
205.0000000000,12.0000000000,0.0012890714
205.0000000000,13.0000000000,0.0013461100
205.0000000000,14.0000000000,0.0011806982
205.0000000000,15.0000000000,0.0010780287
205.0000000000,16.0000000000,0.0009126169
205.0000000000,17.0000000000,0.0010951403
205.0000000000,18.0000000000,0.0008726899
205.0000000000,19.0000000000,0.0006388319
205.0000000000,20.0000000000,0.0005361624
205.0000000000,21.0000000000,0.0003308236
205.0000000000,22.0000000000,0.0001939311
205.0000000000,23.0000000000,0.0001254848
205.0000000000,24.0000000000,0.0000741501
205.0000000000,25.0000000000,0.0000456308
210.0000000000,0.0000000000,0.0000456308
210.0000000000,1.0000000000,0.0001483003
210.0000000000,2.0000000000,0.0003308236
210.0000000000,3.0000000000,0.0006331280
210.0000000000,4.0000000000,0.0006844627
210.0000000000,5.0000000000,0.0009696555
210.0000000000,6.0000000000,0.0013118868
210.0000000000,7.0000000000,0.0012320329
210.0000000000,8.0000000000,0.0013061830
210.0000000000,9.0000000000,0.0015343372
210.0000000000,10.0000000000,0.0017111567
210.0000000000,11.0000000000,0.0016255989
210.0000000000,12.0000000000,0.0016141912
210.0000000000,13.0000000000,0.0015685603
210.0000000000,14.0000000000,0.0014658909
210.0000000000,15.0000000000,0.0013689254
210.0000000000,16.0000000000,0.0012662560
210.0000000000,17.0000000000,0.0012662560
210.0000000000,18.0000000000,0.0009411362
210.0000000000,19.0000000000,0.0007300935
210.0000000000,20.0000000000,0.0006103126
210.0000000000,21.0000000000,0.0003479352
210.0000000000,22.0000000000,0.0002851928
210.0000000000,23.0000000000,0.0001597080
210.0000000000,24.0000000000,0.0001026694
210.0000000000,25.0000000000,0.0000399270
215.0000000000,0.0000000000,0.0000456308
215.0000000000,1.0000000000,0.0001825234
215.0000000000,2.0000000000,0.0004106776
215.0000000000,3.0000000000,0.0004734200
215.0000000000,4.0000000000,0.0008099475
215.0000000000,5.0000000000,0.0010266940
215.0000000000,6.0000000000,0.0011692904
215.0000000000,7.0000000000,0.0013575177
215.0000000000,8.0000000000,0.0016598220
215.0000000000,9.0000000000,0.0017510837
215.0000000000,10.0000000000,0.0021389459
215.0000000000,11.0000000000,0.0019221994
215.0000000000,12.0000000000,0.0020077572
215.0000000000,13.0000000000,0.0020305727
215.0000000000,14.0000000000,0.0016826375
215.0000000000,15.0000000000,0.0015856719
215.0000000000,16.0000000000,0.0015457449
215.0000000000,17.0000000000,0.0012890714
215.0000000000,18.0000000000,0.0010552133
215.0000000000,19.0000000000,0.0008156514
215.0000000000,20.0000000000,0.0004962355
215.0000000000,21.0000000000,0.0003992699
215.0000000000,22.0000000000,0.0002908966
215.0000000000,23.0000000000,0.0002623774
215.0000000000,24.0000000000,0.0001140771
215.0000000000,25.0000000000,0.0000570386
220.0000000000,0.0000000000,0.0000456308
220.0000000000,1.0000000000,0.0001996350
220.0000000000,2.0000000000,0.0003878622
220.0000000000,3.0000000000,0.0006046087
220.0000000000,4.0000000000,0.0010095825
220.0000000000,5.0000000000,0.0010266940
220.0000000000,6.0000000000,0.0012719598
220.0000000000,7.0000000000,0.0013289984
220.0000000000,8.0000000000,0.0017111567
220.0000000000,9.0000000000,0.0020647958
220.0000000000,10.0000000000,0.0021902806
220.0000000000,11.0000000000,0.0024412503
220.0000000000,12.0000000000,0.0024013233
220.0000000000,13.0000000000,0.0022073922
220.0000000000,14.0000000000,0.0019050878
220.0000000000,15.0000000000,0.0020362765
220.0000000000,16.0000000000,0.0017453799
220.0000000000,17.0000000000,0.0013860370
220.0000000000,18.0000000000,0.0011008442
220.0000000000,19.0000000000,0.0008384668
220.0000000000,20.0000000000,0.0007472051
220.0000000000,21.0000000000,0.0005989049
220.0000000000,22.0000000000,0.0003878622
220.0000000000,23.0000000000,0.0002737851
220.0000000000,24.0000000000,0.0001311887
220.0000000000,25.0000000000,0.0000627424
225.0000000000,0.0000000000,0.0000399270
225.0000000000,1.0000000000,0.0001882272
225.0000000000,2.0000000000,0.0003365275
225.0000000000,3.0000000000,0.0006388319
225.0000000000,4.0000000000,0.0008327629
225.0000000000,5.0000000000,0.0009069131
225.0000000000,6.0000000000,0.0015115218
225.0000000000,7.0000000000,0.0015343372
225.0000000000,8.0000000000,0.0019450148
225.0000000000,9.0000000000,0.0024013233
225.0000000000,10.0000000000,0.0024184349
225.0000000000,11.0000000000,0.0025781428
225.0000000000,12.0000000000,0.0027264431
225.0000000000,13.0000000000,0.0024412503
225.0000000000,14.0000000000,0.0023613963
225.0000000000,15.0000000000,0.0019906457
225.0000000000,16.0000000000,0.0019621264
225.0000000000,17.0000000000,0.0014316678
225.0000000000,18.0000000000,0.0011008442
225.0000000000,19.0000000000,0.0009069131
225.0000000000,20.0000000000,0.0007415013
225.0000000000,21.0000000000,0.0005817933
225.0000000000,22.0000000000,0.0003821583
225.0000000000,23.0000000000,0.0002110427
225.0000000000,24.0000000000,0.0001311887
225.0000000000,25.0000000000,0.0000627424
230.0000000000,0.0000000000,0.0000399270
230.0000000000,1.0000000000,0.0002395619
230.0000000000,2.0000000000,0.0003650468
230.0000000000,3.0000000000,0.0006046087
230.0000000000,4.0000000000,0.0009354324
230.0000000000,5.0000000000,0.0011578827
230.0000000000,6.0000000000,0.0012719598
230.0000000000,7.0000000000,0.0017453799
230.0000000000,8.0000000000,0.0018252339
230.0000000000,9.0000000000,0.0021731691
230.0000000000,10.0000000000,0.0026009582
230.0000000000,11.0000000000,0.0025268081
230.0000000000,12.0000000000,0.0023842117
230.0000000000,13.0000000000,0.0022986539
230.0000000000,14.0000000000,0.0020933151
230.0000000000,15.0000000000,0.0021674652
230.0000000000,16.0000000000,0.0017111567
230.0000000000,17.0000000000,0.0012605521
230.0000000000,18.0000000000,0.0011122519
230.0000000000,19.0000000000,0.0008270591
230.0000000000,20.0000000000,0.0007072781
230.0000000000,21.0000000000,0.0005703856
230.0000000000,22.0000000000,0.0003707506
230.0000000000,23.0000000000,0.0001768195
230.0000000000,24.0000000000,0.0001540041
230.0000000000,25.0000000000,0.0000684463
235.0000000000,0.0000000000,0.0000171116
235.0000000000,1.0000000000,0.0002395619
235.0000000000,2.0000000000,0.0004391969
235.0000000000,3.0000000000,0.0006901666
235.0000000000,4.0000000000,0.0007643167
235.0000000000,5.0000000000,0.0011749943
235.0000000000,6.0000000000,0.0014145562
235.0000000000,7.0000000000,0.0016084873
235.0000000000,8.0000000000,0.0019107917
235.0000000000,9.0000000000,0.0018594570
235.0000000000,10.0000000000,0.0020990189
235.0000000000,11.0000000000,0.0022587269
235.0000000000,12.0000000000,0.0020077572
235.0000000000,13.0000000000,0.0018309377
235.0000000000,14.0000000000,0.0019507187
235.0000000000,15.0000000000,0.0013004791
235.0000000000,16.0000000000,0.0013347023
235.0000000000,17.0000000000,0.0011521789
235.0000000000,18.0000000000,0.0009696555
235.0000000000,19.0000000000,0.0008783938
235.0000000000,20.0000000000,0.0005532740
235.0000000000,21.0000000000,0.0003764545
235.0000000000,22.0000000000,0.0002281542
235.0000000000,23.0000000000,0.0001939311
235.0000000000,24.0000000000,0.0000570386
235.0000000000,25.0000000000,0.0000342231
240.0000000000,0.0000000000,0.0000171116
240.0000000000,1.0000000000,0.0001882272
240.0000000000,2.0000000000,0.0003650468
240.0000000000,3.0000000000,0.0006388319
240.0000000000,4.0000000000,0.0009411362
240.0000000000,5.0000000000,0.0009696555
240.0000000000,6.0000000000,0.0012947753
240.0000000000,7.0000000000,0.0014887064
240.0000000000,8.0000000000,0.0016484143
240.0000000000,9.0000000000,0.0020819074
240.0000000000,10.0000000000,0.0021503536
240.0000000000,11.0000000000,0.0018993840
240.0000000000,12.0000000000,0.0020590919
240.0000000000,13.0000000000,0.0018024184
240.0000000000,14.0000000000,0.0017510837
240.0000000000,15.0000000000,0.0012719598
240.0000000000,16.0000000000,0.0011350673
240.0000000000,17.0000000000,0.0009411362
240.0000000000,18.0000000000,0.0009069131
240.0000000000,19.0000000000,0.0006217203
240.0000000000,20.0000000000,0.0004277892
240.0000000000,21.0000000000,0.0003992699
240.0000000000,22.0000000000,0.0001768195
240.0000000000,23.0000000000,0.0001368925
240.0000000000,24.0000000000,0.0000798540
240.0000000000,25.0000000000,0.0000570386
245.0000000000,0.0000000000,0.0000342231
245.0000000000,1.0000000000,0.0002680812
245.0000000000,2.0000000000,0.0004620123
245.0000000000,3.0000000000,0.0007243897
245.0000000000,4.0000000000,0.0008213552
245.0000000000,5.0000000000,0.0009753593
245.0000000000,6.0000000000,0.0011065480
245.0000000000,7.0000000000,0.0013232945
245.0000000000,8.0000000000,0.0015913758
245.0000000000,9.0000000000,0.0019336071
245.0000000000,10.0000000000,0.0018651608
245.0000000000,11.0000000000,0.0018252339
245.0000000000,12.0000000000,0.0016198950
245.0000000000,13.0000000000,0.0016255989
245.0000000000,14.0000000000,0.0014031485
245.0000000000,15.0000000000,0.0012206251
245.0000000000,16.0000000000,0.0010552133
245.0000000000,17.0000000000,0.0009354324
245.0000000000,18.0000000000,0.0009012092
245.0000000000,19.0000000000,0.0006046087
245.0000000000,20.0000000000,0.0004620123
245.0000000000,21.0000000000,0.0003137121
245.0000000000,22.0000000000,0.0001540041
245.0000000000,23.0000000000,0.0000456308
245.0000000000,24.0000000000,0.0000456308
245.0000000000,25.0000000000,0.0000627424
250.0000000000,0.0000000000,0.0000342231
250.0000000000,1.0000000000,0.0002053388
250.0000000000,2.0000000000,0.0004449008
250.0000000000,3.0000000000,0.0007357974
250.0000000000,4.0000000000,0.0008327629
250.0000000000,5.0000000000,0.0011464750
250.0000000000,6.0000000000,0.0012320329
250.0000000000,7.0000000000,0.0015286334
250.0000000000,8.0000000000,0.0016940452
250.0000000000,9.0000000000,0.0017396760
250.0000000000,10.0000000000,0.0018309377
250.0000000000,11.0000000000,0.0017624914
250.0000000000,12.0000000000,0.0014430755
250.0000000000,13.0000000000,0.0014487794
250.0000000000,14.0000000000,0.0012719598
250.0000000000,15.0000000000,0.0010723249
250.0000000000,16.0000000000,0.0009069131
250.0000000000,17.0000000000,0.0007871321
250.0000000000,18.0000000000,0.0006160164
250.0000000000,19.0000000000,0.0004905316
250.0000000000,20.0000000000,0.0004677162
250.0000000000,21.0000000000,0.0002623774
250.0000000000,22.0000000000,0.0002110427
250.0000000000,23.0000000000,0.0000684463
250.0000000000,24.0000000000,0.0000342231
250.0000000000,25.0000000000,0.0000342231
255.0000000000,0.0000000000,0.0000228154
255.0000000000,1.0000000000,0.0002338581
255.0000000000,2.0000000000,0.0004049738
255.0000000000,3.0000000000,0.0006103126
255.0000000000,4.0000000000,0.0008783938
255.0000000000,5.0000000000,0.0009924709
255.0000000000,6.0000000000,0.0012491444
255.0000000000,7.0000000000,0.0013347023
255.0000000000,8.0000000000,0.0015229295
255.0000000000,9.0000000000,0.0015799681
255.0000000000,10.0000000000,0.0016940452
255.0000000000,11.0000000000,0.0013917408
255.0000000000,12.0000000000,0.0015172256
255.0000000000,13.0000000000,0.0013632215
255.0000000000,14.0000000000,0.0009867671
255.0000000000,15.0000000000,0.0010495095
255.0000000000,16.0000000000,0.0009183208
255.0000000000,17.0000000000,0.0008441707
255.0000000000,18.0000000000,0.0005760894
255.0000000000,19.0000000000,0.0004334930
255.0000000000,20.0000000000,0.0003365275
255.0000000000,21.0000000000,0.0001254848
255.0000000000,22.0000000000,0.0001425964
255.0000000000,23.0000000000,0.0000627424
255.0000000000,24.0000000000,0.0000513347
255.0000000000,25.0000000000,0.0000285193
260.0000000000,0.0000000000,0.0000513347
260.0000000000,1.0000000000,0.0002737851
260.0000000000,2.0000000000,0.0004049738
260.0000000000,3.0000000000,0.0007985398
260.0000000000,4.0000000000,0.0008384668
260.0000000000,5.0000000000,0.0011008442
260.0000000000,6.0000000000,0.0012377367
260.0000000000,7.0000000000,0.0013404061
260.0000000000,8.0000000000,0.0012149213
260.0000000000,9.0000000000,0.0015514488
260.0000000000,10.0000000000,0.0013917408
260.0000000000,11.0000000000,0.0012719598
260.0000000000,12.0000000000,0.0013004791
260.0000000000,13.0000000000,0.0011578827
260.0000000000,14.0000000000,0.0012434406
260.0000000000,15.0000000000,0.0010095825
260.0000000000,16.0000000000,0.0006445357
260.0000000000,17.0000000000,0.0005589779
260.0000000000,18.0000000000,0.0004905316
260.0000000000,19.0000000000,0.0003422313
260.0000000000,20.0000000000,0.0002338581
260.0000000000,21.0000000000,0.0001654118
260.0000000000,22.0000000000,0.0001026694
260.0000000000,23.0000000000,0.0000456308
260.0000000000,24.0000000000,0.0000171116
260.0000000000,25.0000000000,0.0000228154
265.0000000000,0.0000000000,0.0000513347
265.0000000000,1.0000000000,0.0001825234
265.0000000000,2.0000000000,0.0003707506
265.0000000000,3.0000000000,0.0007700205
265.0000000000,4.0000000000,0.0008783938
265.0000000000,5.0000000000,0.0009639516
265.0000000000,6.0000000000,0.0012434406
265.0000000000,7.0000000000,0.0013175907
265.0000000000,8.0000000000,0.0013289984
265.0000000000,9.0000000000,0.0015001141
265.0000000000,10.0000000000,0.0012719598
265.0000000000,11.0000000000,0.0013461100
265.0000000000,12.0000000000,0.0012206251
265.0000000000,13.0000000000,0.0010552133
265.0000000000,14.0000000000,0.0009753593
265.0000000000,15.0000000000,0.0007985398
265.0000000000,16.0000000000,0.0006673511
265.0000000000,17.0000000000,0.0005304586
265.0000000000,18.0000000000,0.0004220853
265.0000000000,19.0000000000,0.0004506046
265.0000000000,20.0000000000,0.0002452658
265.0000000000,21.0000000000,0.0001711157
265.0000000000,22.0000000000,0.0001254848
265.0000000000,23.0000000000,0.0000456308
265.0000000000,24.0000000000,0.0000114077
265.0000000000,25.0000000000,0.0000057039
270.0000000000,0.0000000000,0.0000171116
270.0000000000,1.0000000000,0.0001825234
270.0000000000,2.0000000000,0.0004220853
270.0000000000,3.0000000000,0.0006730550
270.0000000000,4.0000000000,0.0007928360
270.0000000000,5.0000000000,0.0011350673
270.0000000000,6.0000000000,0.0011464750
270.0000000000,7.0000000000,0.0013175907
270.0000000000,8.0000000000,0.0012662560
270.0000000000,9.0000000000,0.0014145562
270.0000000000,10.0000000000,0.0014088524
270.0000000000,11.0000000000,0.0012263290
270.0000000000,12.0000000000,0.0010552133
270.0000000000,13.0000000000,0.0011008442
270.0000000000,14.0000000000,0.0009468401
270.0000000000,15.0000000000,0.0008555784
270.0000000000,16.0000000000,0.0006958704
270.0000000000,17.0000000000,0.0006046087
270.0000000000,18.0000000000,0.0004391969
270.0000000000,19.0000000000,0.0003194159
270.0000000000,20.0000000000,0.0002851928
270.0000000000,21.0000000000,0.0002110427
270.0000000000,22.0000000000,0.0001197810
270.0000000000,23.0000000000,0.0000285193
270.0000000000,24.0000000000,0.0000171116
270.0000000000,25.0000000000,0.0000171116
275.0000000000,0.0000000000,0.0000513347
275.0000000000,1.0000000000,0.0002509697
275.0000000000,2.0000000000,0.0005133470
275.0000000000,3.0000000000,0.0005646817
275.0000000000,4.0000000000,0.0008898015
275.0000000000,5.0000000000,0.0010495095
275.0000000000,6.0000000000,0.0012035136
275.0000000000,7.0000000000,0.0013061830
275.0000000000,8.0000000000,0.0014772987
275.0000000000,9.0000000000,0.0015058179
275.0000000000,10.0000000000,0.0015514488
275.0000000000,11.0000000000,0.0013118868
275.0000000000,12.0000000000,0.0010951403
275.0000000000,13.0000000000,0.0010438056
275.0000000000,14.0000000000,0.0007529090
275.0000000000,15.0000000000,0.0007243897
275.0000000000,16.0000000000,0.0006445357
275.0000000000,17.0000000000,0.0004734200
275.0000000000,18.0000000000,0.0004620123
275.0000000000,19.0000000000,0.0003707506
275.0000000000,20.0000000000,0.0001996350
275.0000000000,21.0000000000,0.0001425964
275.0000000000,22.0000000000,0.0000912617
275.0000000000,23.0000000000,0.0000285193
275.0000000000,24.0000000000,0.0000399270
275.0000000000,25.0000000000,0.0000171116
280.0000000000,0.0000000000,0.0000513347
280.0000000000,1.0000000000,0.0002167465
280.0000000000,2.0000000000,0.0003194159
280.0000000000,3.0000000000,0.0006616473
280.0000000000,4.0000000000,0.0007472051
280.0000000000,5.0000000000,0.0009069131
280.0000000000,6.0000000000,0.0010837326
280.0000000000,7.0000000000,0.0015343372
280.0000000000,8.0000000000,0.0014430755
280.0000000000,9.0000000000,0.0015571526
280.0000000000,10.0000000000,0.0013860370
280.0000000000,11.0000000000,0.0013860370
280.0000000000,12.0000000000,0.0011464750
280.0000000000,13.0000000000,0.0010095825
280.0000000000,14.0000000000,0.0007814282
280.0000000000,15.0000000000,0.0007700205
280.0000000000,16.0000000000,0.0005475702
280.0000000000,17.0000000000,0.0005361624
280.0000000000,18.0000000000,0.0004049738
280.0000000000,19.0000000000,0.0003422313
280.0000000000,20.0000000000,0.0002395619
280.0000000000,21.0000000000,0.0001825234
280.0000000000,22.0000000000,0.0000798540
280.0000000000,23.0000000000,0.0000399270
280.0000000000,24.0000000000,0.0000399270
280.0000000000,25.0000000000,0.0000171116
285.0000000000,0.0000000000,0.0000228154
285.0000000000,1.0000000000,0.0002224504
285.0000000000,2.0000000000,0.0003764545
285.0000000000,3.0000000000,0.0005304586
285.0000000000,4.0000000000,0.0007300935
285.0000000000,5.0000000000,0.0010266940
285.0000000000,6.0000000000,0.0012092174
285.0000000000,7.0000000000,0.0013175907
285.0000000000,8.0000000000,0.0013461100
285.0000000000,9.0000000000,0.0015970796
285.0000000000,10.0000000000,0.0012947753
285.0000000000,11.0000000000,0.0012035136
285.0000000000,12.0000000000,0.0011464750
285.0000000000,13.0000000000,0.0007928360
285.0000000000,14.0000000000,0.0008270591
285.0000000000,15.0000000000,0.0006901666
285.0000000000,16.0000000000,0.0005304586
285.0000000000,17.0000000000,0.0003878622
285.0000000000,18.0000000000,0.0003479352
285.0000000000,19.0000000000,0.0002966005
285.0000000000,20.0000000000,0.0002110427
285.0000000000,21.0000000000,0.0001540041
285.0000000000,22.0000000000,0.0000741501
285.0000000000,23.0000000000,0.0000399270
285.0000000000,24.0000000000,0.0000285193
285.0000000000,25.0000000000,0.0000000000
290.0000000000,0.0000000000,0.0000342231
290.0000000000,1.0000000000,0.0002395619
290.0000000000,2.0000000000,0.0004563085
290.0000000000,3.0000000000,0.0005190509
290.0000000000,4.0000000000,0.0007928360
290.0000000000,5.0000000000,0.0009525439
290.0000000000,6.0000000000,0.0010837326
290.0000000000,7.0000000000,0.0013347023
290.0000000000,8.0000000000,0.0014430755
290.0000000000,9.0000000000,0.0012320329
290.0000000000,10.0000000000,0.0013746292
290.0000000000,11.0000000000,0.0010780287
290.0000000000,12.0000000000,0.0009354324
290.0000000000,13.0000000000,0.0009582478
290.0000000000,14.0000000000,0.0006958704
290.0000000000,15.0000000000,0.0005703856
290.0000000000,16.0000000000,0.0003764545
290.0000000000,17.0000000000,0.0003878622
290.0000000000,18.0000000000,0.0002167465
290.0000000000,19.0000000000,0.0001882272
290.0000000000,20.0000000000,0.0001711157
290.0000000000,21.0000000000,0.0000969655
290.0000000000,22.0000000000,0.0000684463
290.0000000000,23.0000000000,0.0000228154
290.0000000000,24.0000000000,0.0000114077
290.0000000000,25.0000000000,0.0000171116
295.0000000000,0.0000000000,0.0000399270
295.0000000000,1.0000000000,0.0002281542
295.0000000000,2.0000000000,0.0004220853
295.0000000000,3.0000000000,0.0006388319
295.0000000000,4.0000000000,0.0007757244
295.0000000000,5.0000000000,0.0008955054
295.0000000000,6.0000000000,0.0012092174
295.0000000000,7.0000000000,0.0013232945
295.0000000000,8.0000000000,0.0011978097
295.0000000000,9.0000000000,0.0013860370
295.0000000000,10.0000000000,0.0013461100
295.0000000000,11.0000000000,0.0013404061
295.0000000000,12.0000000000,0.0010552133
295.0000000000,13.0000000000,0.0009525439
295.0000000000,14.0000000000,0.0006445357
295.0000000000,15.0000000000,0.0005361624
295.0000000000,16.0000000000,0.0002966005
295.0000000000,17.0000000000,0.0002851928
295.0000000000,18.0000000000,0.0001825234
295.0000000000,19.0000000000,0.0001483003
295.0000000000,20.0000000000,0.0000969655
295.0000000000,21.0000000000,0.0000570386
295.0000000000,22.0000000000,0.0000342231
295.0000000000,23.0000000000,0.0000171116
295.0000000000,24.0000000000,0.0000114077
295.0000000000,25.0000000000,0.0000114077
300.0000000000,0.0000000000,0.0000684463
300.0000000000,1.0000000000,0.0002281542
300.0000000000,2.0000000000,0.0004220853
300.0000000000,3.0000000000,0.0006046087
300.0000000000,4.0000000000,0.0008327629
300.0000000000,5.0000000000,0.0009126169
300.0000000000,6.0000000000,0.0011978097
300.0000000000,7.0000000000,0.0011978097
300.0000000000,8.0000000000,0.0013746292
300.0000000000,9.0000000000,0.0013974447
300.0000000000,10.0000000000,0.0012206251
300.0000000000,11.0000000000,0.0011635866
300.0000000000,12.0000000000,0.0009753593
300.0000000000,13.0000000000,0.0007757244
300.0000000000,14.0000000000,0.0005475702
300.0000000000,15.0000000000,0.0004563085
300.0000000000,16.0000000000,0.0003935661
300.0000000000,17.0000000000,0.0002794889
300.0000000000,18.0000000000,0.0001996350
300.0000000000,19.0000000000,0.0001368925
300.0000000000,20.0000000000,0.0000513347
300.0000000000,21.0000000000,0.0000627424
300.0000000000,22.0000000000,0.0000285193
300.0000000000,23.0000000000,0.0000228154
300.0000000000,24.0000000000,0.0000171116
300.0000000000,25.0000000000,0.0000057039
305.0000000000,0.0000000000,0.0000285193
305.0000000000,1.0000000000,0.0001996350
305.0000000000,2.0000000000,0.0004163815
305.0000000000,3.0000000000,0.0006217203
305.0000000000,4.0000000000,0.0007757244
305.0000000000,5.0000000000,0.0008783938
305.0000000000,6.0000000000,0.0011350673
305.0000000000,7.0000000000,0.0012890714
305.0000000000,8.0000000000,0.0012491444
305.0000000000,9.0000000000,0.0013917408
305.0000000000,10.0000000000,0.0012662560
305.0000000000,11.0000000000,0.0011293634
305.0000000000,12.0000000000,0.0008898015
305.0000000000,13.0000000000,0.0008612822
305.0000000000,14.0000000000,0.0006274241
305.0000000000,15.0000000000,0.0005190509
305.0000000000,16.0000000000,0.0002737851
305.0000000000,17.0000000000,0.0002509697
305.0000000000,18.0000000000,0.0001597080
305.0000000000,19.0000000000,0.0000627424
305.0000000000,20.0000000000,0.0001026694
305.0000000000,21.0000000000,0.0000513347
305.0000000000,22.0000000000,0.0000570386
305.0000000000,23.0000000000,0.0000057039
305.0000000000,24.0000000000,0.0000000000
305.0000000000,25.0000000000,0.0000000000
310.0000000000,0.0000000000,0.0000342231
310.0000000000,1.0000000000,0.0002167465
310.0000000000,2.0000000000,0.0004563085
310.0000000000,3.0000000000,0.0006103126
310.0000000000,4.0000000000,0.0008327629
310.0000000000,5.0000000000,0.0009753593
310.0000000000,6.0000000000,0.0010209902
310.0000000000,7.0000000000,0.0013803331
310.0000000000,8.0000000000,0.0012662560
310.0000000000,9.0000000000,0.0012491444
310.0000000000,10.0000000000,0.0012605521
310.0000000000,11.0000000000,0.0009924709
310.0000000000,12.0000000000,0.0009981748
310.0000000000,13.0000000000,0.0008156514
310.0000000000,14.0000000000,0.0006901666
310.0000000000,15.0000000000,0.0004848277
310.0000000000,16.0000000000,0.0004677162
310.0000000000,17.0000000000,0.0002395619
310.0000000000,18.0000000000,0.0002224504
310.0000000000,19.0000000000,0.0001311887
310.0000000000,20.0000000000,0.0000855578
310.0000000000,21.0000000000,0.0000798540
310.0000000000,22.0000000000,0.0000741501
310.0000000000,23.0000000000,0.0000285193
310.0000000000,24.0000000000,0.0000171116
310.0000000000,25.0000000000,0.0000000000
315.0000000000,0.0000000000,0.0000285193
315.0000000000,1.0000000000,0.0001939311
315.0000000000,2.0000000000,0.0003992699
315.0000000000,3.0000000000,0.0005532740
315.0000000000,4.0000000000,0.0008441707
315.0000000000,5.0000000000,0.0011008442
315.0000000000,6.0000000000,0.0012263290
315.0000000000,7.0000000000,0.0012491444
315.0000000000,8.0000000000,0.0012263290
315.0000000000,9.0000000000,0.0012320329
315.0000000000,10.0000000000,0.0011978097
315.0000000000,11.0000000000,0.0008213552
315.0000000000,12.0000000000,0.0008955054
315.0000000000,13.0000000000,0.0008213552
315.0000000000,14.0000000000,0.0007186858
315.0000000000,15.0000000000,0.0004848277
315.0000000000,16.0000000000,0.0003308236
315.0000000000,17.0000000000,0.0002966005
315.0000000000,18.0000000000,0.0002224504
315.0000000000,19.0000000000,0.0001425964
315.0000000000,20.0000000000,0.0001254848
315.0000000000,21.0000000000,0.0000912617
315.0000000000,22.0000000000,0.0000456308
315.0000000000,23.0000000000,0.0000399270
315.0000000000,24.0000000000,0.0000114077
315.0000000000,25.0000000000,0.0000000000
320.0000000000,0.0000000000,0.0000741501
320.0000000000,1.0000000000,0.0002509697
320.0000000000,2.0000000000,0.0003878622
320.0000000000,3.0000000000,0.0006559434
320.0000000000,4.0000000000,0.0007015743
320.0000000000,5.0000000000,0.0009582478
320.0000000000,6.0000000000,0.0009810632
320.0000000000,7.0000000000,0.0011806982
320.0000000000,8.0000000000,0.0010666210
320.0000000000,9.0000000000,0.0010152863
320.0000000000,10.0000000000,0.0012206251
320.0000000000,11.0000000000,0.0010152863
320.0000000000,12.0000000000,0.0008327629
320.0000000000,13.0000000000,0.0007129820
320.0000000000,14.0000000000,0.0005760894
320.0000000000,15.0000000000,0.0005532740
320.0000000000,16.0000000000,0.0003593429
320.0000000000,17.0000000000,0.0003137121
320.0000000000,18.0000000000,0.0001483003
320.0000000000,19.0000000000,0.0001425964
320.0000000000,20.0000000000,0.0000912617
320.0000000000,21.0000000000,0.0000456308
320.0000000000,22.0000000000,0.0000342231
320.0000000000,23.0000000000,0.0000228154
320.0000000000,24.0000000000,0.0000171116
320.0000000000,25.0000000000,0.0000000000
325.0000000000,0.0000000000,0.0000570386
325.0000000000,1.0000000000,0.0002110427
325.0000000000,2.0000000000,0.0004391969
325.0000000000,3.0000000000,0.0006160164
325.0000000000,4.0000000000,0.0008270591
325.0000000000,5.0000000000,0.0008955054
325.0000000000,6.0000000000,0.0011293634
325.0000000000,7.0000000000,0.0011236596
325.0000000000,8.0000000000,0.0011464750
325.0000000000,9.0000000000,0.0011179557
325.0000000000,10.0000000000,0.0010837326
325.0000000000,11.0000000000,0.0009639516
325.0000000000,12.0000000000,0.0009753593
325.0000000000,13.0000000000,0.0006958704
325.0000000000,14.0000000000,0.0006331280
325.0000000000,15.0000000000,0.0004734200
325.0000000000,16.0000000000,0.0003479352
325.0000000000,17.0000000000,0.0002281542
325.0000000000,18.0000000000,0.0002053388
325.0000000000,19.0000000000,0.0002110427
325.0000000000,20.0000000000,0.0001140771
325.0000000000,21.0000000000,0.0000627424
325.0000000000,22.0000000000,0.0000456308
325.0000000000,23.0000000000,0.0000114077
325.0000000000,24.0000000000,0.0000057039
325.0000000000,25.0000000000,0.0000000000
330.0000000000,0.0000000000,0.0000456308
330.0000000000,1.0000000000,0.0002167465
330.0000000000,2.0000000000,0.0004848277
330.0000000000,3.0000000000,0.0006673511
330.0000000000,4.0000000000,0.0007757244
330.0000000000,5.0000000000,0.0009525439
330.0000000000,6.0000000000,0.0010837326
330.0000000000,7.0000000000,0.0011978097
330.0000000000,8.0000000000,0.0009525439
330.0000000000,9.0000000000,0.0009240246
330.0000000000,10.0000000000,0.0008726899
330.0000000000,11.0000000000,0.0008498745
330.0000000000,12.0000000000,0.0008669861
330.0000000000,13.0000000000,0.0006901666
330.0000000000,14.0000000000,0.0005760894
330.0000000000,15.0000000000,0.0004620123
330.0000000000,16.0000000000,0.0003422313
330.0000000000,17.0000000000,0.0002566735
330.0000000000,18.0000000000,0.0002623774
330.0000000000,19.0000000000,0.0001254848
330.0000000000,20.0000000000,0.0001254848
330.0000000000,21.0000000000,0.0000399270
330.0000000000,22.0000000000,0.0000342231
330.0000000000,23.0000000000,0.0000000000
330.0000000000,24.0000000000,0.0000000000
330.0000000000,25.0000000000,0.0000000000
335.0000000000,0.0000000000,0.0000342231
335.0000000000,1.0000000000,0.0001654118
335.0000000000,2.0000000000,0.0005076432
335.0000000000,3.0000000000,0.0006673511
335.0000000000,4.0000000000,0.0007814282
335.0000000000,5.0000000000,0.0010666210
335.0000000000,6.0000000000,0.0009696555
335.0000000000,7.0000000000,0.0012320329
335.0000000000,8.0000000000,0.0011749943
335.0000000000,9.0000000000,0.0009924709
335.0000000000,10.0000000000,0.0010323979
335.0000000000,11.0000000000,0.0006901666
335.0000000000,12.0000000000,0.0007529090
335.0000000000,13.0000000000,0.0005589779
335.0000000000,14.0000000000,0.0004220853
335.0000000000,15.0000000000,0.0003365275
335.0000000000,16.0000000000,0.0002452658
335.0000000000,17.0000000000,0.0002053388
335.0000000000,18.0000000000,0.0001140771
335.0000000000,19.0000000000,0.0000912617
335.0000000000,20.0000000000,0.0000684463
335.0000000000,21.0000000000,0.0000171116
335.0000000000,22.0000000000,0.0000114077
335.0000000000,23.0000000000,0.0000000000
335.0000000000,24.0000000000,0.0000000000
335.0000000000,25.0000000000,0.0000000000
340.0000000000,0.0000000000,0.0000285193
340.0000000000,1.0000000000,0.0002395619
340.0000000000,2.0000000000,0.0003536391
340.0000000000,3.0000000000,0.0005019393
340.0000000000,4.0000000000,0.0007700205
340.0000000000,5.0000000000,0.0008669861
340.0000000000,6.0000000000,0.0008555784
340.0000000000,7.0000000000,0.0010837326
340.0000000000,8.0000000000,0.0010095825
340.0000000000,9.0000000000,0.0010266940
340.0000000000,10.0000000000,0.0010266940
340.0000000000,11.0000000000,0.0009012092
340.0000000000,12.0000000000,0.0008270591
340.0000000000,13.0000000000,0.0006559434
340.0000000000,14.0000000000,0.0004449008
340.0000000000,15.0000000000,0.0003365275
340.0000000000,16.0000000000,0.0002053388
340.0000000000,17.0000000000,0.0001425964
340.0000000000,18.0000000000,0.0000855578
340.0000000000,19.0000000000,0.0000855578
340.0000000000,20.0000000000,0.0000342231
340.0000000000,21.0000000000,0.0000057039
340.0000000000,22.0000000000,0.0000057039
340.0000000000,23.0000000000,0.0000000000
340.0000000000,24.0000000000,0.0000000000
340.0000000000,25.0000000000,0.0000000000
345.0000000000,0.0000000000,0.0000342231
345.0000000000,1.0000000000,0.0001825234
345.0000000000,2.0000000000,0.0003764545
345.0000000000,3.0000000000,0.0006103126
345.0000000000,4.0000000000,0.0007472051
345.0000000000,5.0000000000,0.0008726899
345.0000000000,6.0000000000,0.0008726899
345.0000000000,7.0000000000,0.0009297285
345.0000000000,8.0000000000,0.0010381018
345.0000000000,9.0000000000,0.0008099475
345.0000000000,10.0000000000,0.0009753593
345.0000000000,11.0000000000,0.0008612822
345.0000000000,12.0000000000,0.0005989049
345.0000000000,13.0000000000,0.0005703856
345.0000000000,14.0000000000,0.0003308236
345.0000000000,15.0000000000,0.0003194159
345.0000000000,16.0000000000,0.0002281542
345.0000000000,17.0000000000,0.0000798540
345.0000000000,18.0000000000,0.0000855578
345.0000000000,19.0000000000,0.0000399270
345.0000000000,20.0000000000,0.0000228154
345.0000000000,21.0000000000,0.0000000000
345.0000000000,22.0000000000,0.0000000000
345.0000000000,23.0000000000,0.0000000000
345.0000000000,24.0000000000,0.0000000000
345.0000000000,25.0000000000,0.0000000000
350.0000000000,0.0000000000,0.0000285193
350.0000000000,1.0000000000,0.0001711157
350.0000000000,2.0000000000,0.0004506046
350.0000000000,3.0000000000,0.0005532740
350.0000000000,4.0000000000,0.0006844627
350.0000000000,5.0000000000,0.0007015743
350.0000000000,6.0000000000,0.0008270591
350.0000000000,7.0000000000,0.0008840977
350.0000000000,8.0000000000,0.0009981748
350.0000000000,9.0000000000,0.0009297285
350.0000000000,10.0000000000,0.0009582478
350.0000000000,11.0000000000,0.0007015743
350.0000000000,12.0000000000,0.0005703856
350.0000000000,13.0000000000,0.0005817933
350.0000000000,14.0000000000,0.0002110427
350.0000000000,15.0000000000,0.0001654118
350.0000000000,16.0000000000,0.0001711157
350.0000000000,17.0000000000,0.0001026694
350.0000000000,18.0000000000,0.0000627424
350.0000000000,19.0000000000,0.0000228154
350.0000000000,20.0000000000,0.0000114077
350.0000000000,21.0000000000,0.0000114077
350.0000000000,22.0000000000,0.0000000000
350.0000000000,23.0000000000,0.0000000000
350.0000000000,24.0000000000,0.0000000000
350.0000000000,25.0000000000,0.0000000000
355.0000000000,0.0000000000,0.0000342231
355.0000000000,1.0000000000,0.0002167465
355.0000000000,2.0000000000,0.0003650468
355.0000000000,3.0000000000,0.0005418663
355.0000000000,4.0000000000,0.0006160164
355.0000000000,5.0000000000,0.0008955054
355.0000000000,6.0000000000,0.0008498745
355.0000000000,7.0000000000,0.0009126169
355.0000000000,8.0000000000,0.0010438056
355.0000000000,9.0000000000,0.0008898015
355.0000000000,10.0000000000,0.0009240246
355.0000000000,11.0000000000,0.0007415013
355.0000000000,12.0000000000,0.0005874971
355.0000000000,13.0000000000,0.0003365275
355.0000000000,14.0000000000,0.0003137121
355.0000000000,15.0000000000,0.0002338581
355.0000000000,16.0000000000,0.0001425964
355.0000000000,17.0000000000,0.0001140771
355.0000000000,18.0000000000,0.0000627424
355.0000000000,19.0000000000,0.0000114077
355.0000000000,20.0000000000,0.0000171116
355.0000000000,21.0000000000,0.0000000000
355.0000000000,22.0000000000,0.0000057039
355.0000000000,23.0000000000,0.0000000000
355.0000000000,24.0000000000,0.0000000000
355.0000000000,25.0000000000,0.0000000000
